timestamp,model,gen_tok_s,prompt_tok_s,eval_count,status
2026-08-25T09:01:38Z,gemma4:26b-mlx,72.12,82.09,2258,PASS
2026-09-02T09:50:02Z,gemma4:26b-mlx,67.75,97.09,2218,PASS
2026-09-02T09:58:24Z,qwen3.6:35b-mlx,60.43,18.26,9788,PASS
2026-09-07T08:56:09Z,gemma4:26b-mlx,66.04,137.79,4525,PASS
2026-09-18T09:54:04Z,gemma4:26b-mlx,75.42,206.84,1562,PASS
2026-10-02T12:11:56Z,gemma4:26b-mlx,69.60,28.42,4364,PASS
2026-10-02T12:13:17Z,qwen3.6:35b-mlx,79.08,9.00,8366,PASS
2026-10-07T09:54:51Z,qwen3.8:27b-mlx,32.26,89.24,445,PASS
2026-10-08T08:41:38Z,qwen3.8:27b-mlx,35.64,60.77,1200,PASS
2026-10-08T08:42:49Z,gemma4:26b-mlx,74.25,145.26,2035,PASS
